City_ID,City,Lat,Lng,Max Temp,Humidity,Cloudiness,Wind Speed,Country,Date
0,iqaluit,63.7506,-68.5145,0.85,93,40,5.66,CA,1693630825
1,ancud,-41.8697,-73.8203,8.47,64,49,4.39,CL,1693630819
2,carnot,4.9409,15.8665,19.88,98,100,0.65,CF,1693630827
3,talnakh,69.4865,88.3972,10.12,44,100,0.81,RU,1693630828
4,saudarkrokur,65.7461,-19.6394,14.29,76,100,10.05,IS,1693630830
5,ouadda,8.0777,22.4007,20.47,96,18,0.92,CF,1693630830
6,susuman,62.7833,148.1667,-0.04,91,100,2.6,RU,1693630831
7,ilulissat,69.2167,-51.1,3.01,81,100,7.2,GL,1693630832
8,santyoku,37.4406,129.1708,26.3,64,99,2.69,KR,1693630833
9,east london,-33.0153,27.9116,12.52,94,100,4.63,ZA,1693630835
10,port elizabeth,-33.918,25.5701,13.16,62,100,3.09,ZA,1693630836
11,praia da vitoria,38.7333,-27.0667,21.14,94,20,2.21,PT,1693630838
12,bilibino,68.0546,166.4372,1.28,96,100,2.64,RU,1693630839
13,blackmans bay,-43.0167,147.3167,13.07,68,35,2.4,AU,1693630840
14,villa gesell,-37.2639,-56.973,12.81,87,100,2.15,AR,1693630840
15,puerto natales,-51.7236,-72.4875,-3.41,96,30,1.87,CL,1693630840
16,hermanus,-34.4187,19.2345,9.11,75,13,3.35,ZA,1693630841
17,nova vicosa,-17.8919,-39.3719,21.66,83,65,0.93,BR,1693630841
18,lihue,21.9789,-159.3672,26.77,75,100,6.69,US,1693630842
19,ust-tsilma,65.441,52.1498,16.68,61,27,1.85,RU,1693630842
20,dhidhdhoo,6.8833,73.1,26.85,82,100,5.37,MV,1693630843
21,adamstown,-25.066,-130.1015,18.64,86,100,9.25,PN,1693630843
22,phongsali,21.6833,102.1058,28.54,36,63,1.44,LA,1693630844
23,ushuaia,-54.8,-68.3,0.81,80,40,6.69,AR,1693630844
24,la ronge,55.1001,-105.2842,20.14,68,100,4.12,CA,1693630844
25,tabuk,17.4189,121.4443,28.62,85,100,1.02,PH,1693630845
26,al jawf,29.5,38.75,28.07,24,0,2.55,SA,1693630845
27,la cruz,23.9167,-106.9,26.15,89,70,3.31,MX,1693630845
28,piriapolis,-34.8682,-55.2744,17.23,89,100,1.03,UY,1693630846
29,grytviken,-54.2811,-36.5092,1.32,93,100,4.66,GS,1693630846
30,bethel,41.3712,-73.414,15.68,84,0,1.21,US,1693630847
31,isangel,-19.55,169.2667,25.06,83,75,2.57,VU,1693630847
32,tazovsky,67.4667,78.7,9.99,47,97,1.88,RU,1693630526
33,waitangi,-43.9535,-176.5597,12.12,90,99,2.24,NZ,1693630848
34,port-aux-francais,-49.35,70.2167,1.25,96,100,7.37,TF,1693630849
35,bayeux,-7.125,-34.9322,23.35,94,20,1.54,BR,1693630849
36,papatowai,-46.5619,169.4708,10.52,86,100,0.88,NZ,1693630849
37,bengkulu,-3.8004,102.2655,27.72,67,16,4.46,ID,1693630850
38,morrope,-6.5417,-80.0111,21.06,89,22,4.12,PE,1693630850
39,bredasdorp,-34.5322,20.0403,5.31,80,1,3.15,ZA,1693630851
40,hithadhoo,-0.6,73.0833,26.72,83,100,7.09,MV,1693630851
41,arteche,12.2645,125.4048,33.14,52,100,4.85,PH,1693630852
42,wailua homesteads,22.0669,-159.378,26.44,75,100,6.69,US,1693630852
43,luanda,-8.8368,13.2343,21.0,94,75,1.03,AO,1693630658
44,puerto ayora,-0.7393,-90.3518,24.19,92,77,2.68,EC,1693630853
45,kailua-kona,19.6406,-155.9956,28.98,76,40,3.6,US,1693630631
46,edinburgh of the seven seas,-37.0676,-12.3116,10.12,57,100,4.12,SH,1693630853
47,enewetak,11.3474,162.3373,29.15,75,63,5.56,MH,1693630854
48,barranca,-10.75,-77.7667,18.19,84,44,5.9,PE,1693630854
49,tiksi,71.6872,128.8694,6.57,56,100,4.83,RU,1693630854
50,jabor,5.921,169.6434,28.45,71,55,3.23,MH,1693630855
51,enriquillo,17.9,-71.2333,25.39,92,1,2.1,DO,1693630855
52,kimbe,-5.5502,150.1429,31.85,47,77,4.42,PG,1693630856
53,menaka,15.9182,2.4022,24.47,83,100,13.18,ML,1693630856
54,yellowknife,62.456,-114.3525,14.67,95,100,1.34,CA,1693630856
55,hawaiian paradise park,19.5933,-154.9731,25.73,85,100,5.14,US,1693630577
56,isafjordur,66.0755,-23.124,12.4,78,83,5.38,IS,1693630857
57,port mathurin,-19.6833,63.4167,22.59,77,1,11.08,MU,1693630857
58,monrovia,6.3005,-10.7969,24.87,96,100,4.81,LR,1693630858
59,college,64.8569,-147.8028,12.99,83,20,7.72,US,1693630858
60,chonchi,-42.6128,-73.8092,3.95,94,29,1.71,CL,1693630859
61,masterton,-40.9597,175.6575,14.94,78,33,1.68,NZ,1693630859
62,crane,31.3974,-102.3501,28.24,28,27,3.85,US,1693630860
63,aquiraz,-3.9014,-38.3911,26.77,77,12,5.02,BR,1693630861
64,west island,-12.1568,96.8225,26.99,69,75,9.77,CC,1693630862
65,north side,19.35,-81.2,29.44,94,44,4.52,KY,1693630760
66,lerwick,60.1545,-1.1494,7.0,75,20,0.96,GB,1693630863
67,juan griego,11.0817,-63.9655,28.07,94,62,6.17,VE,1693630865
68,punta del este,-34.9667,-54.95,17.2,91,100,1.03,UY,1693630866
69,bodo,67.28,14.405,13.02,94,100,4.63,NO,1693630867
70,tukrah,32.5341,20.5791,24.22,74,0,3.74,LY,1693630867
71,claveria,18.6074,121.0832,26.49,94,100,4.86,PH,1693630868
72,poronaysk,49.2167,143.1167,22.79,61,46,3.53,RU,1693630868
73,badger,64.8,-147.5333,12.95,77,20,7.72,US,1693630869
74,port lincoln,-34.7333,135.8667,18.73,53,1,4.14,AU,1693630582
75,punto fijo,11.6956,-70.1996,28.08,82,10,11.04,VE,1693630870
76,el quebrachal,-25.2833,-64.0667,23.29,54,5,2.94,AR,1693630870
77,markala,13.7021,-6.0659,27.82,60,65,4.49,ML,1693630871
78,charters towers,-20.1,146.2667,29.77,21,10,5.46,AU,1693630871
79,albany,42.6001,-73.9662,14.89,88,0,0.89,US,1693630819
80,broome,42.2506,-75.833,15.36,84,1,1.4,US,1693630872
81,ouesso,1.6136,16.0517,21.29,97,60,0.72,CG,1693630872
82,moanda,-1.5575,13.2178,21.03,91,78,0.92,GA,1693630873
83,dongfeng,42.6403,125.5118,25.59,54,0,2.77,CN,1693630873
84,puerto baquerizo moreno,-0.9,-89.6,23.91,79,91,3.85,EC,1693630873
85,sao gabriel da cachoeira,-0.1303,-67.0892,23.56,74,66,1.29,BR,1693630874
86,taro,-8.3862,115.28,24.0,48,16,2.21,ID,1693630875
87,uturoa,-16.7333,-151.4333,23.77,74,95,6.45,PF,1693630875
88,avarua,-21.2078,-159.775,20.03,64,99,1.54,CK,1693630875
89,queenstown,-31.8976,26.8753,7.9,91,85,0.96,ZA,1693630876
90,iskateley,67.6803,53.1512,14.9,79,100,3.51,RU,1693630876
91,new norfolk,-42.7826,147.0587,13.73,41,25,1.61,AU,1693630876
92,ishigaki,24.3448,124.1572,31.07,84,75,12.86,JP,1693630877
93,suihua,46.6406,126.9969,24.46,64,4,5.8,CN,1693630877
94,kavieng,-2.5744,150.7967,28.3,68,42,7.19,PG,1693630654
95,broken hill,-31.95,141.4333,19.21,28,39,1.16,AU,1693630878
96,punta arenas,-53.15,-70.9167,0.97,77,16,4.99,CL,1693630813
97,yeppoon,-23.1333,150.7333,26.88,63,0,4.3,AU,1693630879
98,maraba,-5.3686,-49.1178,24.1,100,0,0.51,BR,1693630879
99,port alfred,-33.5906,26.891,14.56,76,100,5.49,ZA,1693630879
100,baturaja,-4.1333,104.1667,35.01,31,5,1.85,ID,1693630880
101,rawson,-43.3002,-65.1023,4.91,91,7,9.85,AR,1693630857
102,buncrana,55.1333,-7.45,11.6,96,43,1.96,IE,1693630881
103,ribeira grande,38.5167,-28.7,20.99,91,31,2.24,PT,1693630881
104,jamestown,42.097,-79.2353,17.06,88,0,2.57,US,1693630805
105,sisimiut,66.9395,-53.6735,2.14,86,54,7.34,GL,1693630882
106,beyneu,45.3167,55.2,22.94,39,11,3.97,KZ,1693630882
107,nova sintra,14.8667,-24.7167,24.36,82,100,3.38,CV,1693630882
108,hoshiarpur,31.5322,75.9172,31.76,53,0,1.69,IN,1693630654
109,luganville,-15.5333,167.1667,25.89,83,50,4.13,VU,1693630883
110,udachny,66.4167,112.4,9.14,42,100,5.4,RU,1693630884
111,portland,45.5234,-122.6762,22.97,69,0,2.24,US,1693630684
112,phan rang-thap cham,11.5667,108.9833,35.35,46,69,5.05,VN,1693630884
113,stanley,54.868,-1.6985,13.21,92,75,0.51,GB,1693630885
114,tazacorte,28.629,-17.9293,23.54,78,75,5.14,ES,1693630885
115,port macquarie,-31.4333,152.9167,18.83,53,52,5.81,AU,1693630886
116,mount pearl,47.5166,-52.7813,8.37,92,40,3.6,CA,1693630886
117,vilyuchinsk,52.9306,158.4028,21.15,69,57,5.95,RU,1693630886
118,namtsy,62.7161,129.6658,11.38,31,81,5.58,RU,1693630887
119,neftegorsk,52.802,51.166,16.19,67,57,4.59,RU,1693630887
120,sinop,41.7711,34.8709,21.18,70,26,1.15,TR,1693630887
121,santa fe do sul,-20.2111,-50.9258,25.82,40,14,3.78,BR,1693630888
122,yaren,-0.5472,166.916,28.78,75,24,5.34,NR,1693630888
123,sumbawa besar,-8.5,117.4333,32.03,33,5,4.67,ID,1693630889
124,invercargill,-46.4,168.35,12.79,80,76,0.45,NZ,1693630889
125,adis zemen,12.1167,37.7833,16.12,84,100,1.94,ET,1693630889
126,as sulayyil,20.4607,45.5779,30.14,19,31,1.18,SA,1693630890
127,lata,40.1629,-8.3327,17.26,97,98,1.0,PT,1693630891
128,teknaf,20.8624,92.3058,26.82,91,100,1.2,BD,1693630891
129,waingapu,-9.6567,120.2641,29.29,43,7,5.85,ID,1693630892
130,emerald,-23.5333,148.1667,30.19,17,0,1.36,AU,1693630892
131,cooma,-36.2333,149.1333,14.77,32,0,2.42,AU,1693630807
132,arraial do cabo,-22.9661,-42.0278,21.06,84,0,10.88,BR,1693630765
133,lazaro cardenas,17.9583,-102.2,27.29,84,86,1.5,MX,1693630893
134,sandnessjoen,66.0217,12.6316,10.29,80,100,1.84,NO,1693630894
135,pisco,-13.7,-76.2167,19.03,77,31,4.12,PE,1693630895
136,kerikeri,-35.2268,173.9474,16.62,84,100,0.89,NZ,1693630895
137,fallon,39.4735,-118.7774,16.93,59,100,2.57,US,1693630896
138,alofi,-19.0595,-169.9187,23.94,60,86,4.12,NU,1693630896
139,iguatemi,-23.6803,-54.5611,25.15,46,45,5.19,BR,1693630897
140,saynshand,44.8824,110.1163,27.51,18,49,1.48,MN,1693630897
141,jalalaqsi,3.3766,45.5996,25.75,68,75,9.3,SO,1693630897
142,margaret river,-33.95,115.0667,15.33,70,100,8.16,AU,1693630898
143,carbonear,47.7332,-53.2148,9.08,77,0,2.67,CA,1693630898
144,vorgashor,67.5833,63.95,13.0,66,100,0.68,RU,1693630899
145,georgetown,5.4112,100.3354,30.96,66,20,2.57,MY,1693630627
146,hasaki,35.7333,140.8333,35.17,74,69,4.82,JP,1693630900
147,bridgewater,44.3835,-64.5155,13.82,88,0,1.54,CA,1693630900
148,codrington,-38.2667,141.9667,16.62,60,77,3.6,AU,1693630901
149,annau,37.8876,58.516,28.72,26,0,2.06,TM,1693630901
150,pakur,24.6333,87.85,34.76,48,92,1.31,IN,1693630902
151,xining,36.6167,101.7667,23.14,26,18,1.05,CN,1693630902
152,port douglas,-16.4833,145.4667,24.24,53,10,2.62,AU,1693630902
153,sao joao da ponte,-15.9292,-44.0078,20.23,85,42,4.3,BR,1693630903
154,kalabo,-14.97,22.6814,14.13,20,6,2.78,ZM,1693630904
155,ust-nera,64.5667,143.2,3.02,81,99,3.36,RU,1693630904
156,sumbe,-11.2061,13.8437,19.92,87,99,0.85,AO,1693630904
157,kapuskasing,49.4169,-82.4331,18.05,59,75,5.66,CA,1693630622
158,thompson,55.7435,-97.8558,21.09,78,40,3.09,CA,1693630905
159,colonia,50.9333,6.95,15.03,92,89,1.68,DE,1693630877
160,bereeda,11.8704,51.0579,30.36,58,3,0.17,SO,1693630906
161,meadow lake,34.8014,-106.5436,26.77,25,100,2.7,US,1693630906
162,acajutla,13.5928,-89.8275,26.01,87,100,3.59,SV,1693630907
163,ben mehidi,36.7697,7.9064,21.99,88,20,1.03,DZ,1693630907
164,guiuan,11.0333,125.7247,29.56,76,79,6.71,PH,1693630907
165,ulsteinvik,62.3432,5.8487,12.64,86,6,0.45,NO,1693630908
166,kununurra,-15.7667,128.7333,32.99,19,31,5.14,AU,1693630731
167,la passe,45.5549,-0.8967,17.13,91,100,3.54,FR,1693630909
168,kidal,18.4411,1.4078,29.04,51,97,4.25,ML,1693630909
169,lisieux,49.1667,0.1667,15.74,94,99,0.99,FR,1693630910
170,sukhinichi,54.0999,35.3425,16.46,90,100,3.95,RU,1693630910
171,syzran',53.1585,48.4681,19.08,52,67,3.58,RU,1693630911
172,ubud,-8.5098,115.2654,26.62,49,17,4.73,ID,1693630911
173,hadibu,12.65,54.0333,27.19,78,37,6.84,YE,1693630912
174,dudinka,69.4058,86.1778,9.82,48,100,1.69,RU,1693630912
175,khilok,51.3674,110.4676,15.72,96,100,1.69,RU,1693630913
176,poxoreo,-15.8372,-54.3892,26.25,52,8,2.4,BR,1693630913
177,glace bay,46.1969,-59.957,11.55,90,20,3.6,CA,1693630913
178,la'ie,21.6477,-157.9253,27.98,76,2,4.92,US,1693630914
179,isla mujeres,21.2311,-86.731,28.98,87,75,4.57,MX,1693630914
180,santa ana,33.7456,-117.8678,23.89,82,75,3.09,US,1693630740
181,poso,-1.3959,120.7524,32.0,49,81,2.62,ID,1693630915
182,atafu village,-8.5421,-172.5159,28.34,79,31,8.55,TK,1693630916
183,pitimbu,-7.4706,-34.8086,23.33,87,9,3.78,BR,1693630916
184,sant antoni de portmany,38.9807,1.3036,25.61,80,75,4.12,ES,1693630917
185,abqaiq,25.9371,49.6776,36.17,18,0,5.15,SA,1693630918
186,brookings,44.3114,-96.7984,25.0,61,0,4.63,US,1693630805
187,leh,34.1667,77.5833,19.02,25,0,2.53,IN,1693630919
188,malanje,-9.5402,16.341,16.43,76,75,1.02,AO,1693630920
189,qaqortoq,60.7167,-46.0333,5.48,65,41,19.28,GL,1693630921
190,nuku'alofa,-21.1333,-175.2,25.19,78,20,4.63,TO,1693630922
191,montepuez,-13.1256,38.9997,20.71,77,34,2.11,MZ,1693630922
192,cidreira,-30.1811,-50.2056,17.12,90,100,7.49,BR,1693630923
193,san patricio,28.017,-97.5169,29.92,63,0,3.43,US,1693630924
194,weno,7.4515,151.8468,27.59,76,96,2.95,FM,1693630925
195,lamu,-2.2717,40.902,26.12,77,58,5.65,KE,1693630926
196,richards bay,-28.783,32.0377,17.23,86,29,2.03,ZA,1693630926
197,tolanaro,-25.0319,46.9987,19.04,77,20,1.03,MG,1693630927
198,at taj,24.2049,23.2857,26.27,34,0,3.73,LY,1693630927
199,meadow lakes,61.6247,-149.6011,13.54,72,100,3.6,US,1693630928
200,kuala tungkal,-0.8167,103.4667,32.03,46,32,2.5,ID,1693630928
201,utrik,11.2278,169.8474,28.49,76,99,4.69,MH,1693630929
202,st. john's,47.5649,-52.7093,8.83,92,40,3.6,CA,1693630929
203,camarinas,43.1311,-9.1817,12.32,83,3,2.34,ES,1693630930
204,borba,-4.3878,-59.5939,26.95,54,43,1.13,BR,1693630930
205,natal,-5.795,-35.2094,24.12,94,40,2.06,BR,1693630930
206,bhinmal,25.0,72.25,30.69,53,0,4.4,IN,1693630931
207,euclides da cunha,-10.5075,-39.0158,16.07,97,0,1.88,BR,1693630931
208,remire-montjoly,4.9167,-52.2667,24.02,94,5,0.0,GF,1693630932
209,christchurch,-43.5333,172.6333,13.3,76,100,2.06,NZ,1693630914
210,kisangani,0.5167,25.2,21.66,98,54,0.96,CD,1693630932
211,coquimbo,-29.9533,-71.3436,13.85,82,100,1.03,CL,1693630238
212,cabo san lucas,22.8909,-109.9124,29.31,85,71,1.41,MX,1693630640
213,mugia,43.1041,-9.2179,12.31,82,1,2.7,ES,1693630933
214,kuanda,56.3161,116.0806,15.85,40,65,4.03,RU,1693630934
215,hammerfest,70.6634,23.6821,10.25,100,75,2.06,NO,1693630934
216,gadzhiyevo,69.2551,33.3362,15.53,91,100,3.71,RU,1693630935
217,reggane,26.7158,0.1714,31.78,13,0,0.38,DZ,1693630935
218,altinyayla,39.2725,36.751,17.65,79,2,2.34,TR,1693630935
219,hobyo,5.3505,48.5268,26.44,71,97,9.94,SO,1693630936
220,kaa-khem,51.6833,94.7333,20.55,46,70,2.03,RU,1693630936
221,tianfu,37.1936,122.0511,27.35,52,46,2.88,CN,1693630936
222,whistler,50.1164,-122.9695,15.86,63,40,0.36,CA,1693630906
223,lubango,-14.9172,13.4925,17.92,24,0,2.57,AO,1693630819
224,kodiak,57.79,-152.4072,11.06,70,9,6.82,US,1693630937
225,lebu,-37.6167,-73.65,7.68,79,97,3.64,CL,1693630938
226,olonkinbyen,70.9221,-8.7187,6.56,88,48,11.07,SJ,1693630938
227,howrah,22.5892,88.3103,34.0,70,40,1.54,IN,1693630863
228,namibe,-15.1961,12.1522,15.7,93,29,1.79,AO,1693630939
229,aberdeen,57.1437,-2.0981,9.19,100,100,1.03,GB,1693630939
230,fayzabad,37.1166,70.58,25.46,26,0,2.09,AF,1693630940
231,centralia,46.7162,-122.9543,20.25,74,0,1.54,US,1693630812
232,saint-paul,-21.0096,55.2707,26.05,72,2,0.45,RE,1693630941
233,aykhal,66.0,111.5,8.9,34,97,5.46,RU,1693630942
234,mount gambier,-37.8333,140.7667,16.81,55,68,1.69,AU,1693630942
235,viedma,-40.8135,-62.9967,9.71,39,10,7.33,AR,1693630795
236,port saint john's,-31.6229,29.5448,17.56,86,100,2.76,ZA,1693630943
237,dhoro naro,25.5,69.5667,32.03,43,0,8.2,PK,1693630944
238,trairi,-3.2778,-39.2689,23.96,82,2,3.87,BR,1693630944
239,fort bragg,35.139,-79.006,18.78,89,0,1.54,US,1693630945
240,alice springs,-23.7,133.8833,26.75,14,0,3.09,AU,1693630945
241,taroudant,30.4703,-8.877,19.28,81,100,2.53,MA,1693630946
242,san antonio de pale,-1.4014,5.6325,23.77,87,99,5.15,GQ,1693630946
243,idri,27.5,13.2667,28.53,26,10,4.55,LY,1693630947
244,porto novo,6.4965,2.6036,25.9,92,100,4.36,BJ,1693630834
245,nuuk,64.1835,-51.7216,2.71,74,66,10.73,GL,1693630653
246,mata-utu,-13.2816,-176.1745,27.01,76,42,9.61,WF,1693630948
247,port moresby,-9.4431,147.1797,29.68,58,20,5.14,PG,1693630685
248,konosha,60.9736,40.257,17.17,72,24,2.75,RU,1693630948
249,carnarvon,-24.8667,113.6333,21.51,54,42,5.42,AU,1693630949
250,lompoc,34.6391,-120.4579,20.43,80,37,4.02,US,1693630808
251,virac,13.6333,124.2167,26.95,69,100,7.59,PH,1693630950
252,fort st. john,56.2499,-120.8529,20.94,37,100,6.17,CA,1693630933
253,egersund,58.4513,5.9997,12.27,78,17,7.48,NO,1693630951
254,rafraf,37.1904,10.1837,23.18,68,65,6.87,TN,1693630951
255,chibougamau,49.9168,-74.3659,16.79,77,75,4.12,CA,1693630938
256,maintirano,-18.0667,44.0167,24.49,67,24,4.87,MG,1693630953
257,longyearbyen,78.2186,15.6401,4.91,75,75,4.63,SJ,1693630953
258,merizo village,13.2658,144.6691,30.88,82,90,6.53,GU,1693630954
259,dinga,32.6398,73.722,34.67,40,0,2.97,PK,1693630954
260,vuktyl,63.8567,57.3094,15.26,57,15,0.51,RU,1693630954
261,tuljapur,18.0,76.0833,30.93,47,100,1.3,IN,1693630955
262,harstad,68.799,16.5293,12.66,98,100,0.45,NO,1693630955
263,center,31.5107,-96.4247,28.22,46,0,2.06,US,1693630956
264,vilhena,-12.7406,-60.1458,23.14,67,2,1.7,BR,1693630956
265,howard springs,-12.497,131.047,32.15,34,78,1.34,AU,1693630956
266,tagiura,32.8817,13.3506,25.3,78,0,4.89,LY,1693630957
267,koh kong,11.6175,102.9806,26.34,91,100,6.37,KH,1693630957
268,pipar,26.3856,73.5378,31.78,43,0,6.05,IN,1693630958
269,sao felix do xingu,-6.6447,-51.995,22.82,89,49,0.96,BR,1693630958
270,geraldton,-28.7667,114.6,21.23,56,100,6.17,AU,1693630958
271,klyuchi,52.2667,79.1667,21.91,39,96,4.16,RU,1693630959
272,arkalyk,50.2486,66.9114,15.89,55,100,5.54,KZ,1693630959
273,pangody,65.85,74.4859,14.15,40,29,2.18,RU,1693630959
274,pizarro,4.9533,-77.366,26.44,88,84,1.95,CO,1693630960
275,mogocha,53.7333,119.7667,5.3,94,100,3.85,RU,1693630960
276,ghanzi,-21.5667,21.7833,16.65,24,6,2.97,BW,1693630960
277,naze,28.3667,129.4833,28.51,82,13,6.77,JP,1693630961
278,beloyarskiy,63.7119,66.6722,16.11,64,96,1.34,RU,1693630961
279,fale old settlement,-9.3852,-171.2468,28.2,79,32,9.32,TK,1693630962
280,tromso,69.6496,18.957,11.32,87,75,1.03,NO,1693630912
281,west fargo,46.875,-96.9004,23.34,69,0,1.54,US,1693630964
282,sinabang,2.4803,96.3801,28.06,73,100,2.49,ID,1693630964
283,coahuayana de hidalgo,18.7,-103.6583,26.54,90,99,0.44,MX,1693630965
284,castillos,-34.1667,-53.8333,15.38,97,100,3.5,UY,1693630965
285,nar'yan-mar,67.6713,53.087,15.14,78,100,3.59,RU,1693630965
286,flying fish cove,-10.4217,105.6791,26.82,61,40,7.2,CX,1693630966
287,lisakovsk,52.5369,62.4936,11.6,86,100,7.47,KZ,1693630966
288,jorpeland,59.0225,6.0408,13.18,89,78,2.51,NO,1693630967
289,constantia,44.1833,28.65,21.5,62,0,6.54,RO,1693630967
290,buka,40.8108,69.1986,27.85,15,0,2.65,UZ,1693630968
291,kolokani,13.5728,-8.0339,24.61,76,30,3.17,ML,1693630968
292,sao joao da barra,-21.6403,-41.0511,21.75,79,51,6.79,BR,1693630969
293,katsuura,35.1333,140.3,28.99,70,55,3.39,JP,1693630969
294,selfoss,63.9331,-20.9971,11.69,92,100,10.02,IS,1693630970
295,peskovka,59.0448,52.3606,14.12,71,32,2.16,RU,1693630970
296,sitka,57.0531,-135.33,12.82,92,98,2.25,US,1693630970
297,kone,-21.0595,164.8658,23.78,65,86,2.89,NC,1693630971
298,porto cristo,39.5395,3.333,23.51,69,36,6.12,ES,1693630971
299,vac,47.7759,19.1361,16.61,80,63,0.08,HU,1693630971
300,kalaleh,37.3807,55.4916,26.78,44,0,0.0,IR,1693630972
301,medicine hat,50.0501,-110.6683,16.24,63,0,2.57,CA,1693630680
302,ostashkov,57.1467,33.1075,14.3,91,93,1.54,RU,1693630973
303,saldanha,-33.0117,17.9442,4.03,65,74,2.84,ZA,1693630973
304,cowra,-33.8333,148.6833,17.43,38,0,1.99,AU,1693630973
305,rolla,37.9514,-91.7713,19.04,81,0,4.12,US,1693630974
306,berdigestyakh,62.0989,126.6992,10.36,35,98,3.82,RU,1693630974
307,ashland,40.8167,-82.2665,17.3,95,0,2.16,US,1693630919
308,whitehorse,60.7161,-135.0538,15.43,38,75,5.14,CA,1693630975
309,kolaras,25.2333,77.6,29.23,62,22,5.31,IN,1693630975
310,mulanje,-16.0316,35.5,22.86,52,0,0.97,MW,1693630975
311,tuy hoa,13.0833,109.3,34.46,50,93,4.03,VN,1693630976
312,encarnacion de diaz,21.5167,-102.2333,19.55,61,89,2.78,MX,1693630775
313,nosy varika,-20.5833,48.5333,21.05,75,1,1.38,MG,1693630977
314,laguna,38.421,-121.4238,19.62,75,0,5.14,US,1693630855
315,kievka,50.2619,71.5514,16.72,50,43,4.38,KZ,1693630977
316,south hedland,-20.4089,118.5983,32.96,21,4,4.63,AU,1693630978
317,araripe,-7.2125,-40.0461,17.91,51,0,2.17,BR,1693630978
318,can tho,10.0333,105.7833,23.99,100,75,4.63,VN,1693630979
319,dampit,-8.2116,112.7493,30.01,39,11,3.26,ID,1693630979
320,zyryanovsk,49.7386,84.2719,19.9,39,81,0.51,KZ,1693630980
321,al bawiti,28.3492,28.8659,23.81,74,0,4.66,EG,1693630980
322,east ballina,-28.8667,153.5833,22.67,54,8,5.01,AU,1693630784
323,star dojran,41.1875,22.7208,21.54,47,14,2.34,MK,1693630981
324,mao,39.8885,4.2658,23.31,78,0,5.14,ES,1693630981
325,chopinzinho,-25.8558,-52.5233,18.31,57,100,4.41,BR,1693630981
326,petropavlovsk-kamchatsky,53.0452,158.6483,20.33,64,75,6.0,RU,1693630982
327,tambopata,-12.7333,-69.1833,23.34,86,40,1.04,PE,1693630982
328,eyl,7.9803,49.8164,27.4,63,73,10.99,SO,1693630983
329,mount isa,-20.7333,139.5,27.87,14,0,4.12,AU,1693630811
330,kingston,17.997,-76.7936,29.53,87,20,4.63,JM,1693630823
331,kapa'a,22.0752,-159.319,27.99,80,100,7.72,US,1693630984
332,micheweni,-4.9667,39.8333,25.02,74,53,4.22,TZ,1693630984
333,kourou,5.1552,-52.6478,24.03,81,3,3.6,GF,1693630985
334,fuling,29.7022,107.3919,30.69,58,43,1.98,CN,1693630985
335,happy valley-goose bay,53.3168,-60.3315,12.17,71,75,7.2,CA,1693630808
336,shunyi,40.125,116.6453,26.97,69,20,2.0,CN,1693630987
337,labrador city,52.9463,-66.9114,10.95,82,100,1.54,CA,1693630807
338,ulladulla,-35.35,150.4667,19.87,55,35,4.0,AU,1693630987
339,kavaratti,10.5669,72.642,27.98,76,100,5.21,IN,1693630988
340,northam,51.0333,-4.2167,14.61,85,85,0.85,GB,1693630988
341,alta,69.9689,23.2717,11.59,89,75,2.06,NO,1693630988
342,languyan,5.2618,120.0807,29.96,68,83,4.8,PH,1693630989
343,grantsville,40.5999,-112.4644,22.2,50,40,10.29,US,1693630989
344,walvis bay,-22.9575,14.5053,8.94,93,0,3.6,NA,1693630989
345,holualoa,19.6228,-155.9522,25.91,78,20,3.09,US,1693630990
346,dryden,49.7833,-92.7503,18.16,77,0,2.57,CA,1693630935
347,liwale,-9.7667,37.9333,21.37,77,44,1.21,TZ,1693630991
348,siwa oasis,29.2041,25.5195,26.49,53,0,2.02,EG,1693630991
349,springs,-26.25,28.4,15.93,53,0,4.12,ZA,1693630991
350,juneau,58.3019,-134.4197,14.01,100,100,3.09,US,1693630992
351,lorengau,-2.0226,147.2712,28.56,74,78,7.04,PG,1693630993
352,zhangjiakou shi xuanhua qu,40.6103,115.0447,27.03,53,41,4.31,CN,1693630993
353,galliano,29.4422,-90.2992,28.0,89,0,1.54,US,1693630751
354,nouadhibou,20.931,-17.0347,25.99,53,72,3.6,MR,1693630994
355,ciudad insurgentes,25.2625,-111.7753,28.54,70,21,3.55,MX,1693630994
356,ghadamis,30.1337,9.5007,29.59,33,1,4.33,LY,1693630913
357,las tablas,7.7667,-80.2833,26.76,99,96,1.54,PA,1693630995
358,galich,58.3797,42.3475,17.43,70,33,2.75,RU,1693630995
359,luuq,3.7938,42.5445,25.86,59,20,8.4,SO,1693630996
360,pandan,14.0453,124.1694,31.77,62,100,6.67,PH,1693630996
361,alesund,62.4723,6.1549,12.64,87,75,2.57,NO,1693630997
362,pedro ii,-4.4247,-41.4586,18.97,63,0,1.93,BR,1693630997
363,inarajan village,13.2736,144.7484,32.08,82,87,6.38,GU,1693630997
364,nemuro,43.3236,145.575,20.0,93,100,6.71,JP,1693630998
365,anadyr,64.75,177.4833,10.28,66,40,7.0,RU,1693630998
366,kokpekty,48.75,82.4,20.65,36,99,4.11,KZ,1693630998
367,laojunmiao,39.8333,97.7333,27.04,12,0,6.8,CN,1693630999
368,pacific grove,36.6177,-121.9166,17.99,88,75,2.06,US,1693630999
369,machali,-34.1833,-70.6667,10.96,66,100,1.54,CL,1693630999
370,tual,-5.6667,132.75,24.97,76,49,8.67,ID,1693631000
371,murzuq,25.9155,13.9184,28.82,25,14,4.24,LY,1693631000
372,nizhneudinsk,54.9076,99.0276,13.91,96,100,1.96,RU,1693631000
373,chernyshevskiy,63.0128,112.4714,10.99,35,9,2.51,RU,1693631001
374,qamdo,31.1667,97.2333,12.87,27,0,0.52,CN,1693631001
375,lovosice,50.515,14.051,17.41,99,89,0.89,CZ,1693631002
376,kismayo,-0.3582,42.5454,25.94,74,48,6.58,SO,1693631002
377,preobrazheniye,42.9019,133.9064,24.14,61,0,3.93,RU,1693631002
378,arilje,43.7531,20.0956,11.2,77,0,1.23,RS,1693631003
379,lensk,60.7253,114.9278,11.8,38,6,2.94,RU,1693631003
380,salekhard,66.53,66.6019,14.34,45,94,1.38,RU,1693631004
381,newman,37.3138,-121.0208,22.13,71,33,1.34,US,1693631004
382,saint-philippe,-21.3585,55.7679,23.77,72,21,4.41,RE,1693631005
383,santa ana de yacuma,-13.75,-65.4333,28.64,53,45,3.59,BO,1693631000
384,lodja,-3.4833,23.4333,22.86,80,76,0.89,CD,1693631006
385,saipan,15.1355,145.701,31.39,74,40,6.69,MP,1693631007
386,maragogi,-9.0122,-35.2225,22.43,91,16,1.17,BR,1693630818
387,celestun,20.8667,-90.4,27.72,84,22,4.67,MX,1693631007
388,tura,25.5198,90.2201,31.24,64,33,1.63,IN,1693631008
389,touros,-5.1989,-35.4608,22.77,91,3,4.46,BR,1693631008
390,huanuni,-18.2667,-66.85,2.68,34,70,3.42,BO,1693631008
391,inirida,3.8653,-67.9239,23.52,94,86,1.25,CO,1693631009
392,coyhaique,-45.5752,-72.0662,0.97,86,40,1.54,CL,1693631009
393,minas de marcona,-15.2119,-75.1103,11.9,89,47,4.82,PE,1693631010
394,baikonur,45.6167,63.3167,23.45,33,1,6.18,KZ,1693631010
395,san pedro,14.35,121.0167,27.57,95,75,5.14,PH,1693631011
396,constitucion,-35.3333,-72.4167,12.0,86,100,4.96,CL,1693630817
397,le vauclin,14.5452,-60.8388,26.03,94,0,1.54,MQ,1693631011
398,haiku-pauwela,20.9219,-156.3051,25.02,76,40,7.72,US,1693631012
399,vila franca do campo,37.7167,-25.4333,22.23,88,44,2.57,PT,1693631012
400,bardai,11.65,7.2333,21.8,91,90,3.81,NG,1693631013
401,knyaze-volkonskoye,48.4642,135.4567,24.19,61,27,5.77,RU,1693631013
402,vega de alatorre,20.0333,-96.6333,27.18,79,63,1.57,MX,1693631013
403,mahajanga,-15.7167,46.3167,23.01,64,20,4.12,MG,1693631014
404,hamilton,39.1834,-84.5333,22.06,84,0,0.45,US,1693631014
405,arkhangel'sk,64.5401,40.5433,18.38,83,12,2.39,RU,1693631014
406,copiapo,-27.3667,-70.3333,11.83,67,29,0.9,CL,1693631015
407,pozanti,37.4278,34.8717,25.09,47,0,0.54,TR,1693631015
408,muynoq,43.7683,59.0214,25.2,28,6,3.28,UZ,1693631015
409,turkmenbasy,40.0222,52.9552,24.43,27,0,3.09,TM,1693631016
410,bathsheba,13.2167,-59.5167,28.34,83,20,6.69,BB,1693631016
411,birao,10.2849,22.7882,22.52,89,36,0.89,CF,1693631017
412,paulden,34.8856,-112.4682,19.77,84,96,0.89,US,1693631017
413,puerto leguizamo,-0.1934,-74.7819,23.23,91,90,0.65,CO,1693631018
414,socorro,31.6546,-106.3033,31.38,20,20,2.57,US,1693631018
415,saint-francois,46.4154,3.9054,13.69,94,0,0.0,FR,1693631018
416,al qusayr,34.5091,36.5798,23.52,66,0,1.41,SY,1693631019
417,camalu,30.85,-116.0667,24.25,85,6,2.03,MX,1693631019
418,rakitovo,41.9833,24.0833,17.4,63,66,0.66,BG,1693631020
419,yuzhno-kurilsk,44.0306,145.8556,20.18,95,100,4.34,RU,1693631020
420,apiai,-24.5094,-48.8425,10.22,93,72,0.93,BR,1693630797
421,cabugao,17.7931,120.4578,27.72,95,100,4.87,PH,1693631021
422,formosa do rio preto,-11.0483,-45.1931,25.43,42,60,2.52,BR,1693631021
423,zaporizhia,47.8167,35.1833,19.58,74,52,5.58,UA,1693630853
424,andilamena,-17.0167,48.5833,15.76,73,100,3.62,MG,1693631022
425,banisilan,7.4908,124.7242,30.26,58,60,4.97,PH,1693631022
426,oriximina,-1.7656,-55.8661,26.07,57,18,1.48,BR,1693631023
427,shantobe,52.4581,68.1839,10.73,88,100,4.11,KZ,1693631023
428,belaya kholunitsa,58.84,50.8528,14.4,71,5,2.34,RU,1693631023
429,williston,48.147,-103.618,24.06,33,68,0.94,US,1693631024
430,tralee,52.2704,-9.7026,12.05,93,3,1.21,IE,1693631024
431,mhamid,29.82,-5.72,29.15,15,95,1.53,MA,1693631024
432,wenling,28.3669,121.36,25.26,88,100,3.44,CN,1693630833
433,laborde,-33.1532,-62.8566,17.68,91,100,3.57,AR,1693631025
434,simanggang,1.2472,111.4528,31.99,66,40,1.03,MY,1693631026
435,cockburn town,21.4612,-71.1419,28.76,75,100,5.2,TC,1693630950
436,argo,37.6333,22.7333,23.77,42,3,1.88,GR,1693630999
437,ilabaya,-17.4208,-70.5133,17.37,48,19,1.06,PE,1693631027
438,tinogasta,-28.0632,-67.5649,14.7,29,1,0.62,AR,1693630852
439,honggang,46.4667,124.8667,28.12,41,1,7.31,CN,1693631028
440,vila velha,-20.3297,-40.2925,21.97,96,100,1.54,BR,1693630840
441,stettler,52.3168,-112.7186,19.86,49,40,6.69,CA,1693631029
442,callao,-12.0667,-77.15,20.4,77,100,4.12,PE,1693631029
443,mostaganem,35.9311,0.0892,24.21,75,100,7.09,DZ,1693631029
444,khandud,36.9513,72.318,17.8,30,1,1.89,AF,1693631030
445,ronneby,56.21,15.276,12.28,100,69,2.06,SE,1693631030
446,labytnangi,66.6572,66.4183,14.83,47,95,0.85,RU,1693631030
447,san ignacio,17.1561,-89.0714,26.08,94,0,2.06,BZ,1693631031
448,novotroitsk,51.203,58.3266,13.39,63,50,6.5,RU,1693631031
449,brisas de zicatela,15.8369,-97.0419,26.29,73,20,0.0,MX,1693631031
450,jacksonville,30.3322,-81.6556,26.68,80,100,3.09,US,1693630796
451,mora,11.0461,14.1401,22.91,78,94,2.74,CM,1693631032
452,upata,8.0086,-62.3989,25.11,94,49,1.61,VE,1693631032
453,dokshytsy,54.8924,27.7689,13.68,65,94,4.76,BY,1693631033
454,bejaia,36.7559,5.0843,22.6,68,0,1.54,DZ,1693630976
455,vadso,70.0744,29.7487,14.49,100,100,1.54,NO,1693631033
456,rikaze,29.25,88.8833,20.27,19,0,1.12,CN,1693631034
457,kupino,54.3663,77.2981,20.21,44,54,4.36,RU,1693631034
458,piacabucu,-10.4056,-36.4344,22.92,89,14,2.81,BR,1693630969
459,kudahuvadhoo,2.6708,72.8944,26.82,79,97,5.62,MV,1693631035
460,piti village,13.4626,144.6933,32.03,78,40,6.69,GU,1693631035
461,yung shue wan,22.2333,114.1167,26.56,94,100,0.45,HK,1693630852
462,antalaha,-14.9003,50.2788,22.42,72,42,2.45,MG,1693631036
463,san pedro pochutla,15.7333,-96.4667,25.4,87,40,2.21,MX,1693631036
464,ornskoldsvik,63.2909,18.7153,14.53,100,100,1.54,SE,1693631037
465,hilo,19.7297,-155.09,25.85,85,100,0.45,US,1693631037
466,dunedin,-45.8742,170.5036,9.89,76,84,2.24,NZ,1693630889
467,senirkent,38.1044,30.5486,21.03,65,77,2.49,TR,1693631038
468,andergrove,-21.0833,149.1833,28.14,65,0,6.62,AU,1693631039
469,alenquer,-1.9417,-54.7383,27.76,50,76,1.9,BR,1693631039
470,antsiranana,-12.2787,49.2917,23.42,64,20,6.17,MG,1693631039
471,okha,53.5739,142.9478,19.43,64,74,4.45,RU,1693631040
472,al khums,32.6486,14.2619,25.44,81,0,3.31,LY,1693631040
473,masaka,-0.3338,31.7341,20.79,64,14,1.41,UG,1693631041
474,naberera,-4.2,36.9333,16.22,71,68,4.21,TZ,1693631041
475,mbanza-ngungu,-5.25,14.8667,19.24,81,3,2.05,CD,1693631041
476,silver city,32.7701,-108.2803,21.49,52,95,1.79,US,1693631042
477,choix,26.7092,-108.3219,25.72,88,28,0.16,MX,1693631042
478,polyarnyy,69.1989,33.4478,15.46,92,98,3.87,RU,1693631043
479,afaahiti,-17.75,-149.2833,22.93,75,98,5.8,PF,1693631043
480,williamsport,41.2412,-77.0011,14.18,93,0,0.7,US,1693631001
481,oltinko'l,40.8011,72.1634,29.23,17,0,1.79,UZ,1693631044
482,hukumati azrah,34.1736,69.6457,22.11,46,0,0.93,AF,1693631044
483,chul'man,56.8479,124.9104,6.66,46,98,5.91,RU,1693631045
484,kingscliff,-28.2667,153.5667,21.52,49,25,5.66,AU,1693631045
485,timimoun,29.2639,0.231,29.21,32,0,5.66,DZ,1693631046
486,rosario oeste,-14.8361,-56.4275,27.62,52,10,1.58,BR,1693631046
487,villa madero,19.4,-101.2667,14.12,96,99,1.62,MX,1693631046
488,valle de la pascua,9.2155,-66.0073,24.93,83,72,1.46,VE,1693631047
489,new ulm,44.3125,-94.4605,22.21,73,0,2.06,US,1693630773
490,keflavik,64.0049,-22.5624,12.24,87,100,12.86,IS,1693631048
491,cedeira,43.6797,-8.0209,14.1,79,55,1.75,ES,1693631048
492,guerrero negro,27.9769,-114.0611,23.89,83,5,3.73,MX,1693631048
493,opuwo,-18.0607,13.84,16.57,50,6,0.76,NA,1693631049
494,palikir - national government center,6.9248,158.1611,27.47,94,100,3.09,FM,1693631049
495,inzhavino,52.3185,42.4937,18.5,49,66,2.83,RU,1693631050
496,barra de santo antonio,-9.4047,-35.5072,21.6,87,12,1.77,BR,1693631050
497,latur,18.4,76.5833,30.47,50,75,2.66,IN,1693631050
498,arinos,-15.9169,-46.1056,21.93,86,18,1.98,BR,1693631051
499,pucheng,27.9233,118.5333,25.24,85,99,0.2,CN,1693631051
500,acarau,-2.8856,-40.12,23.79,82,1,5.27,BR,1693630870
501,choma,-16.8065,26.9531,15.7,27,0,2.24,ZM,1693631052
502,mont-dore,-22.2833,166.5833,21.99,75,86,3.21,NC,1693631052
503,albemarle,35.3501,-80.2001,18.6,92,0,0.0,US,1693631053
504,egilsstadir,65.2653,-14.3948,13.95,72,75,11.83,IS,1693631053
505,illizi,26.4833,8.4667,31.89,22,9,7.34,DZ,1693631053
506,rongelap,11.1635,166.8941,28.68,75,100,3.45,MH,1693631054
507,likiep,9.8251,169.3107,28.81,71,85,0.61,MH,1693631054
508,clemencia,10.5665,-75.325,28.65,90,5,4.87,CO,1693631054
509,tanguieta,10.6212,1.2665,22.78,97,86,2.36,BJ,1693631055
510,tiptur,13.2586,76.4783,26.96,62,72,3.08,IN,1693631055
511,steinbach,50.1667,8.5667,15.32,94,100,0.51,DE,1693631055
512,fort mcmurray,56.7268,-111.381,17.77,59,0,3.09,CA,1693630810
513,laramie,41.3114,-105.5911,18.86,59,76,1.63,US,1693630795
514,vammala,61.3333,22.9,13.58,92,52,2.26,FI,1693631056
515,manokwari,-0.8667,134.0833,28.49,72,67,2.3,ID,1693630779
516,carutapera,-1.195,-46.02,25.78,72,0,4.17,BR,1693631057
517,ilek,51.5271,53.3831,17.33,60,70,5.48,RU,1693631058
518,guangshui,31.6199,113.9978,28.33,51,98,4.76,CN,1693631058
519,kurgan,55.45,65.3333,14.41,78,92,6.26,RU,1693630823
520,montelibano,7.9829,-75.4229,25.38,95,53,2.13,CO,1693630879
521,muravlenko,63.7898,74.523,14.19,46,1,4.56,RU,1693631059
522,san andres,12.5847,-81.7006,30.01,84,20,4.63,CO,1693630992
523,san luis de la loma,17.2706,-100.8939,26.76,81,100,2.2,MX,1693631060
524,canacona,14.9959,74.0506,26.74,78,96,3.1,IN,1693631060
525,shyshaky,49.8817,34.0112,18.04,67,23,4.64,UA,1693631061
526,picota,-6.9197,-76.3304,22.48,87,24,0.21,PE,1693631061
527,"laikit, laikit ii (dimembe)",1.4792,124.9735,32.47,40,40,5.66,ID,1693631061
528,ceres,37.5949,-120.9577,20.68,70,20,6.17,US,1693631020
529,dzuunharaa,48.8523,106.4579,22.25,63,47,3.01,MN,1693631062
530,sivrihisar,39.4504,31.5341,19.12,65,92,1.55,TR,1693631063
531,manay,7.215,126.5397,30.46,72,70,6.6,PH,1693631063
532,monze,-16.2833,27.4833,16.99,26,0,2.28,ZM,1693631063
533,kuala terengganu,5.3302,103.1408,29.97,84,20,2.24,MY,1693630892
534,okulovka,58.4008,33.2908,15.35,92,99,1.83,RU,1693631064
535,renfrew,55.872,-4.3925,12.97,93,75,1.03,GB,1693631065
536,capayan,-28.761,-66.0502,19.89,39,2,1.62,AR,1693631065
537,aasiaat,68.7098,-52.8699,-0.47,86,87,5.89,GL,1693631065
538,spoleto,42.7448,12.7374,16.57,73,72,1.64,IT,1693631066
539,zeya,53.75,127.2667,12.09,74,100,3.96,RU,1693631067
540,posto fiscal rolim de moura,-13.0833,-62.2667,24.8,72,25,1.01,BR,1693631067
541,bandar-e anzali,37.4727,49.4622,26.06,72,0,1.15,IR,1693631068
542,plastun,44.7561,136.2939,25.61,50,8,3.38,RU,1693631068
543,caleta olivia,-46.4393,-67.5281,5.25,56,89,4.83,AR,1693631068
544,sona,45.4388,10.8255,17.75,90,0,1.03,IT,1693631069
545,woodstock,43.1334,-80.7497,14.38,86,13,2.33,CA,1693630918
546,cartagena,10.3997,-75.5144,28.79,89,0,4.12,CO,1693630962
547,yulin,22.6333,110.15,23.24,93,100,5.31,CN,1693630835
548,ilula,-7.6766,36.0366,13.3,81,27,2.77,TZ,1693631070
549,awjilah,29.1081,21.2869,27.04,39,0,3.87,LY,1693631070
